momentum_ratio_threshold,pullback_depth_min,pullback_depth_max,upper_wick_ratio_max,lower_wick_ratio_max,breakout_confirmation_required,trades,winrate,avg_R,profit_factor,max_drawdown
0.9,,,,,False,61,44.26229508196721,0.28983336864889986,1.2681671065325666,12.779268221633005
0.9,,,,,True,42,38.095238095238095,0.0866390688638371,1.066396799279507,17.520536218612563
0.9,,,,0.5,False,61,44.26229508196721,0.28983336864889986,1.2681671065325666,12.779268221633005
0.9,,,,0.5,True,42,38.095238095238095,0.0866390688638371,1.066396799279507,17.520536218612563
0.9,,,,0.6,False,61,44.26229508196721,0.28983336864889986,1.2681671065325666,12.779268221633005
0.9,,,,0.6,True,42,38.095238095238095,0.0866390688638371,1.066396799279507,17.520536218612563
0.9,,,,0.7,False,61,44.26229508196721,0.28983336864889986,1.2681671065325666,12.779268221633005
0.9,,,,0.7,True,42,38.095238095238095,0.0866390688638371,1.066396799279507,17.520536218612563
0.9,,,0.2,,False,61,44.26229508196721,0.28983336864889986,1.2681671065325666,12.779268221633005
0.9,,,0.2,,True,42,38.095238095238095,0.0866390688638371,1.066396799279507,17.520536218612563
0.9,,,0.2,0.5,False,61,44.26229508196721,0.28983336864889986,1.2681671065325666,12.779268221633005
0.9,,,0.2,0.5,True,42,38.095238095238095,0.0866390688638371,1.066396799279507,17.520536218612563
0.9,,,0.2,0.6,False,61,44.26229508196721,0.28983336864889986,1.2681671065325666,12.779268221633005
0.9,,,0.2,0.6,True,42,38.095238095238095,0.0866390688638371,1.066396799279507,17.520536218612563
0.9,,,0.2,0.7,False,61,44.26229508196721,0.28983336864889986,1.2681671065325666,12.779268221633005
0.9,,,0.2,0.7,True,42,38.095238095238095,0.0866390688638371,1.066396799279507,17.520536218612563
0.9,,,0.3,,False,61,44.26229508196721,0.28983336864889986,1.2681671065325666,12.779268221633005
0.9,,,0.3,,True,42,38.095238095238095,0.0866390688638371,1.066396799279507,17.520536218612563
0.9,,,0.3,0.5,False,61,44.26229508196721,0.28983336864889986,1.2681671065325666,12.779268221633005
0.9,,,0.3,0.5,True,42,38.095238095238095,0.0866390688638371,1.066396799279507,17.520536218612563
0.9,,,0.3,0.6,False,61,44.26229508196721,0.28983336864889986,1.2681671065325666,12.779268221633005
0.9,,,0.3,0.6,True,42,38.095238095238095,0.0866390688638371,1.066396799279507,17.520536218612563
0.9,,,0.3,0.7,False,61,44.26229508196721,0.28983336864889986,1.2681671065325666,12.779268221633005
0.9,,,0.3,0.7,True,42,38.095238095238095,0.0866390688638371,1.066396799279507,17.520536218612563
0.9,,,0.4,,False,61,44.26229508196721,0.28983336864889986,1.2681671065325666,12.779268221633005
0.9,,,0.4,,True,42,38.095238095238095,0.0866390688638371,1.066396799279507,17.520536218612563
0.9,,,0.4,0.5,False,61,44.26229508196721,0.28983336864889986,1.2681671065325666,12.779268221633005
0.9,,,0.4,0.5,True,42,38.095238095238095,0.0866390688638371,1.066396799279507,17.520536218612563
0.9,,,0.4,0.6,False,61,44.26229508196721,0.28983336864889986,1.2681671065325666,12.779268221633005
0.9,,,0.4,0.6,True,42,38.095238095238095,0.0866390688638371,1.066396799279507,17.520536218612563
0.9,,,0.4,0.7,False,61,44.26229508196721,0.28983336864889986,1.2681671065325666,12.779268221633005
0.9,,,0.4,0.7,True,42,38.095238095238095,0.0866390688638371,1.066396799279507,17.520536218612563
0.9,-3.0,,,,False,60,43.333333333333336,0.10752376176567194,1.0978549922473493,16.011883346298088
0.9,-3.0,,,,True,41,36.58536585365854,-0.18511143632588828,0.8615154943339624,19.877938553891173
0.9,-3.0,,,0.5,False,60,43.333333333333336,0.10752376176567194,1.0978549922473493,16.011883346298088
0.9,-3.0,,,0.5,True,41,36.58536585365854,-0.18511143632588828,0.8615154943339624,19.877938553891173
0.9,-3.0,,,0.6,False,60,43.333333333333336,0.10752376176567194,1.0978549922473493,16.011883346298088
0.9,-3.0,,,0.6,True,41,36.58536585365854,-0.18511143632588828,0.8615154943339624,19.877938553891173
0.9,-3.0,,,0.7,False,60,43.333333333333336,0.10752376176567194,1.0978549922473493,16.011883346298088
0.9,-3.0,,,0.7,True,41,36.58536585365854,-0.18511143632588828,0.8615154943339624,19.877938553891173
0.9,-3.0,,0.2,,False,60,43.333333333333336,0.10752376176567194,1.0978549922473493,16.011883346298088
0.9,-3.0,,0.2,,True,41,36.58536585365854,-0.18511143632588828,0.8615154943339624,19.877938553891173
0.9,-3.0,,0.2,0.5,False,60,43.333333333333336,0.10752376176567194,1.0978549922473493,16.011883346298088
0.9,-3.0,,0.2,0.5,True,41,36.58536585365854,-0.18511143632588828,0.8615154943339624,19.877938553891173
0.9,-3.0,,0.2,0.6,False,60,43.333333333333336,0.10752376176567194,1.0978549922473493,16.011883346298088
0.9,-3.0,,0.2,0.6,True,41,36.58536585365854,-0.18511143632588828,0.8615154943339624,19.877938553891173
0.9,-3.0,,0.2,0.7,False,60,43.333333333333336,0.10752376176567194,1.0978549922473493,16.011883346298088
0.9,-3.0,,0.2,0.7,True,41,36.58536585365854,-0.18511143632588828,0.8615154943339624,19.877938553891173
0.9,-3.0,,0.3,,False,60,43.333333333333336,0.10752376176567194,1.0978549922473493,16.011883346298088
0.9,-3.0,,0.3,,True,41,36.58536585365854,-0.18511143632588828,0.8615154943339624,19.877938553891173
0.9,-3.0,,0.3,0.5,False,60,43.333333333333336,0.10752376176567194,1.0978549922473493,16.011883346298088
0.9,-3.0,,0.3,0.5,True,41,36.58536585365854,-0.18511143632588828,0.8615154943339624,19.877938553891173
0.9,-3.0,,0.3,0.6,False,60,43.333333333333336,0.10752376176567194,1.0978549922473493,16.011883346298088
0.9,-3.0,,0.3,0.6,True,41,36.58536585365854,-0.18511143632588828,0.8615154943339624,19.877938553891173
0.9,-3.0,,0.3,0.7,False,60,43.333333333333336,0.10752376176567194,1.0978549922473493,16.011883346298088
0.9,-3.0,,0.3,0.7,True,41,36.58536585365854,-0.18511143632588828,0.8615154943339624,19.877938553891173
0.9,-3.0,,0.4,,False,60,43.333333333333336,0.10752376176567194,1.0978549922473493,16.011883346298088
0.9,-3.0,,0.4,,True,41,36.58536585365854,-0.18511143632588828,0.8615154943339624,19.877938553891173
0.9,-3.0,,0.4,0.5,False,60,43.333333333333336,0.10752376176567194,1.0978549922473493,16.011883346298088
0.9,-3.0,,0.4,0.5,True,41,36.58536585365854,-0.18511143632588828,0.8615154943339624,19.877938553891173
0.9,-3.0,,0.4,0.6,False,60,43.333333333333336,0.10752376176567194,1.0978549922473493,16.011883346298088
0.9,-3.0,,0.4,0.6,True,41,36.58536585365854,-0.18511143632588828,0.8615154943339624,19.877938553891173
0.9,-3.0,,0.4,0.7,False,60,43.333333333333336,0.10752376176567194,1.0978549922473493,16.011883346298088
0.9,-3.0,,0.4,0.7,True,41,36.58536585365854,-0.18511143632588828,0.8615154943339624,19.877938553891173
0.9,-2.5,,,,False,60,43.333333333333336,0.10752376176567194,1.0978549922473493,16.011883346298088
0.9,-2.5,,,,True,41,36.58536585365854,-0.18511143632588828,0.8615154943339624,19.877938553891173
0.9,-2.5,,,0.5,False,60,43.333333333333336,0.10752376176567194,1.0978549922473493,16.011883346298088
0.9,-2.5,,,0.5,True,41,36.58536585365854,-0.18511143632588828,0.8615154943339624,19.877938553891173
0.9,-2.5,,,0.6,False,60,43.333333333333336,0.10752376176567194,1.0978549922473493,16.011883346298088
0.9,-2.5,,,0.6,True,41,36.58536585365854,-0.18511143632588828,0.8615154943339624,19.877938553891173
0.9,-2.5,,,0.7,False,60,43.333333333333336,0.10752376176567194,1.0978549922473493,16.011883346298088
0.9,-2.5,,,0.7,True,41,36.58536585365854,-0.18511143632588828,0.8615154943339624,19.877938553891173
0.9,-2.5,,0.2,,False,60,43.333333333333336,0.10752376176567194,1.0978549922473493,16.011883346298088
0.9,-2.5,,0.2,,True,41,36.58536585365854,-0.18511143632588828,0.8615154943339624,19.877938553891173
0.9,-2.5,,0.2,0.5,False,60,43.333333333333336,0.10752376176567194,1.0978549922473493,16.011883346298088
0.9,-2.5,,0.2,0.5,True,41,36.58536585365854,-0.18511143632588828,0.8615154943339624,19.877938553891173
0.9,-2.5,,0.2,0.6,False,60,43.333333333333336,0.10752376176567194,1.0978549922473493,16.011883346298088
0.9,-2.5,,0.2,0.6,True,41,36.58536585365854,-0.18511143632588828,0.8615154943339624,19.877938553891173
0.9,-2.5,,0.2,0.7,False,60,43.333333333333336,0.10752376176567194,1.0978549922473493,16.011883346298088
0.9,-2.5,,0.2,0.7,True,41,36.58536585365854,-0.18511143632588828,0.8615154943339624,19.877938553891173
0.9,-2.5,,0.3,,False,60,43.333333333333336,0.10752376176567194,1.0978549922473493,16.011883346298088
0.9,-2.5,,0.3,,True,41,36.58536585365854,-0.18511143632588828,0.8615154943339624,19.877938553891173
0.9,-2.5,,0.3,0.5,False,60,43.333333333333336,0.10752376176567194,1.0978549922473493,16.011883346298088
0.9,-2.5,,0.3,0.5,True,41,36.58536585365854,-0.18511143632588828,0.8615154943339624,19.877938553891173
0.9,-2.5,,0.3,0.6,False,60,43.333333333333336,0.10752376176567194,1.0978549922473493,16.011883346298088
0.9,-2.5,,0.3,0.6,True,41,36.58536585365854,-0.18511143632588828,0.8615154943339624,19.877938553891173
0.9,-2.5,,0.3,0.7,False,60,43.333333333333336,0.10752376176567194,1.0978549922473493,16.011883346298088
0.9,-2.5,,0.3,0.7,True,41,36.58536585365854,-0.18511143632588828,0.8615154943339624,19.877938553891173
0.9,-2.5,,0.4,,False,60,43.333333333333336,0.10752376176567194,1.0978549922473493,16.011883346298088
0.9,-2.5,,0.4,,True,41,36.58536585365854,-0.18511143632588828,0.8615154943339624,19.877938553891173
0.9,-2.5,,0.4,0.5,False,60,43.333333333333336,0.10752376176567194,1.0978549922473493,16.011883346298088
0.9,-2.5,,0.4,0.5,True,41,36.58536585365854,-0.18511143632588828,0.8615154943339624,19.877938553891173
0.9,-2.5,,0.4,0.6,False,60,43.333333333333336,0.10752376176567194,1.0978549922473493,16.011883346298088
0.9,-2.5,,0.4,0.6,True,41,36.58536585365854,-0.18511143632588828,0.8615154943339624,19.877938553891173
0.9,-2.5,,0.4,0.7,False,60,43.333333333333336,0.10752376176567194,1.0978549922473493,16.011883346298088
0.9,-2.5,,0.4,0.7,True,41,36.58536585365854,-0.18511143632588828,0.8615154943339624,19.877938553891173
0.9,-2.0,,,,False,60,43.333333333333336,0.10752376176567194,1.0978549922473493,16.011883346298088
0.9,-2.0,,,,True,41,36.58536585365854,-0.18511143632588828,0.8615154943339624,19.877938553891173
0.9,-2.0,,,0.5,False,60,43.333333333333336,0.10752376176567194,1.0978549922473493,16.011883346298088
0.9,-2.0,,,0.5,True,41,36.58536585365854,-0.18511143632588828,0.8615154943339624,19.877938553891173
0.9,-2.0,,,0.6,False,60,43.333333333333336,0.10752376176567194,1.0978549922473493,16.011883346298088
0.9,-2.0,,,0.6,True,41,36.58536585365854,-0.18511143632588828,0.8615154943339624,19.877938553891173
0.9,-2.0,,,0.7,False,60,43.333333333333336,0.10752376176567194,1.0978549922473493,16.011883346298088
0.9,-2.0,,,0.7,True,41,36.58536585365854,-0.18511143632588828,0.8615154943339624,19.877938553891173
0.9,-2.0,,0.2,,False,60,43.333333333333336,0.10752376176567194,1.0978549922473493,16.011883346298088
0.9,-2.0,,0.2,,True,41,36.58536585365854,-0.18511143632588828,0.8615154943339624,19.877938553891173
0.9,-2.0,,0.2,0.5,False,60,43.333333333333336,0.10752376176567194,1.0978549922473493,16.011883346298088
0.9,-2.0,,0.2,0.5,True,41,36.58536585365854,-0.18511143632588828,0.8615154943339624,19.877938553891173
0.9,-2.0,,0.2,0.6,False,60,43.333333333333336,0.10752376176567194,1.0978549922473493,16.011883346298088
0.9,-2.0,,0.2,0.6,True,41,36.58536585365854,-0.18511143632588828,0.8615154943339624,19.877938553891173
0.9,-2.0,,0.2,0.7,False,60,43.333333333333336,0.10752376176567194,1.0978549922473493,16.011883346298088
0.9,-2.0,,0.2,0.7,True,41,36.58536585365854,-0.18511143632588828,0.8615154943339624,19.877938553891173
0.9,-2.0,,0.3,,False,60,43.333333333333336,0.10752376176567194,1.0978549922473493,16.011883346298088
0.9,-2.0,,0.3,,True,41,36.58536585365854,-0.18511143632588828,0.8615154943339624,19.877938553891173
0.9,-2.0,,0.3,0.5,False,60,43.333333333333336,0.10752376176567194,1.0978549922473493,16.011883346298088
0.9,-2.0,,0.3,0.5,True,41,36.58536585365854,-0.18511143632588828,0.8615154943339624,19.877938553891173
0.9,-2.0,,0.3,0.6,False,60,43.333333333333336,0.10752376176567194,1.0978549922473493,16.011883346298088
0.9,-2.0,,0.3,0.6,True,41,36.58536585365854,-0.18511143632588828,0.8615154943339624,19.877938553891173
0.9,-2.0,,0.3,0.7,False,60,43.333333333333336,0.10752376176567194,1.0978549922473493,16.011883346298088
0.9,-2.0,,0.3,0.7,True,41,36.58536585365854,-0.18511143632588828,0.8615154943339624,19.877938553891173
0.9,-2.0,,0.4,,False,60,43.333333333333336,0.10752376176567194,1.0978549922473493,16.011883346298088
0.9,-2.0,,0.4,,True,41,36.58536585365854,-0.18511143632588828,0.8615154943339624,19.877938553891173
0.9,-2.0,,0.4,0.5,False,60,43.333333333333336,0.10752376176567194,1.0978549922473493,16.011883346298088
0.9,-2.0,,0.4,0.5,True,41,36.58536585365854,-0.18511143632588828,0.8615154943339624,19.877938553891173
0.9,-2.0,,0.4,0.6,False,60,43.333333333333336,0.10752376176567194,1.0978549922473493,16.011883346298088
0.9,-2.0,,0.4,0.6,True,41,36.58536585365854,-0.18511143632588828,0.8615154943339624,19.877938553891173
0.9,-2.0,,0.4,0.7,False,60,43.333333333333336,0.10752376176567194,1.0978549922473493,16.011883346298088
0.9,-2.0,,0.4,0.7,True,41,36.58536585365854,-0.18511143632588828,0.8615154943339624,19.877938553891173
0.9,-1.5,,,,False,60,43.333333333333336,0.10752376176567194,1.0978549922473493,16.011883346298088
0.9,-1.5,,,,True,41,36.58536585365854,-0.18511143632588828,0.8615154943339624,19.877938553891173
0.9,-1.5,,,0.5,False,60,43.333333333333336,0.10752376176567194,1.0978549922473493,16.011883346298088
0.9,-1.5,,,0.5,True,41,36.58536585365854,-0.18511143632588828,0.8615154943339624,19.877938553891173
0.9,-1.5,,,0.6,False,60,43.333333333333336,0.10752376176567194,1.0978549922473493,16.011883346298088
0.9,-1.5,,,0.6,True,41,36.58536585365854,-0.18511143632588828,0.8615154943339624,19.877938553891173
0.9,-1.5,,,0.7,False,60,43.333333333333336,0.10752376176567194,1.0978549922473493,16.011883346298088
0.9,-1.5,,,0.7,True,41,36.58536585365854,-0.18511143632588828,0.8615154943339624,19.877938553891173
0.9,-1.5,,0.2,,False,60,43.333333333333336,0.10752376176567194,1.0978549922473493,16.011883346298088
0.9,-1.5,,0.2,,True,41,36.58536585365854,-0.18511143632588828,0.8615154943339624,19.877938553891173
0.9,-1.5,,0.2,0.5,False,60,43.333333333333336,0.10752376176567194,1.0978549922473493,16.011883346298088
0.9,-1.5,,0.2,0.5,True,41,36.58536585365854,-0.18511143632588828,0.8615154943339624,19.877938553891173
0.9,-1.5,,0.2,0.6,False,60,43.333333333333336,0.10752376176567194,1.0978549922473493,16.011883346298088
0.9,-1.5,,0.2,0.6,True,41,36.58536585365854,-0.18511143632588828,0.8615154943339624,19.877938553891173
0.9,-1.5,,0.2,0.7,False,60,43.333333333333336,0.10752376176567194,1.0978549922473493,16.011883346298088
0.9,-1.5,,0.2,0.7,True,41,36.58536585365854,-0.18511143632588828,0.8615154943339624,19.877938553891173
0.9,-1.5,,0.3,,False,60,43.333333333333336,0.10752376176567194,1.0978549922473493,16.011883346298088
0.9,-1.5,,0.3,,True,41,36.58536585365854,-0.18511143632588828,0.8615154943339624,19.877938553891173
0.9,-1.5,,0.3,0.5,False,60,43.333333333333336,0.10752376176567194,1.0978549922473493,16.011883346298088
0.9,-1.5,,0.3,0.5,True,41,36.58536585365854,-0.18511143632588828,0.8615154943339624,19.877938553891173
0.9,-1.5,,0.3,0.6,False,60,43.333333333333336,0.10752376176567194,1.0978549922473493,16.011883346298088
0.9,-1.5,,0.3,0.6,True,41,36.58536585365854,-0.18511143632588828,0.8615154943339624,19.877938553891173
0.9,-1.5,,0.3,0.7,False,60,43.333333333333336,0.10752376176567194,1.0978549922473493,16.011883346298088
0.9,-1.5,,0.3,0.7,True,41,36.58536585365854,-0.18511143632588828,0.8615154943339624,19.877938553891173
0.9,-1.5,,0.4,,False,60,43.333333333333336,0.10752376176567194,1.0978549922473493,16.011883346298088
0.9,-1.5,,0.4,,True,41,36.58536585365854,-0.18511143632588828,0.8615154943339624,19.877938553891173
0.9,-1.5,,0.4,0.5,False,60,43.333333333333336,0.10752376176567194,1.0978549922473493,16.011883346298088
0.9,-1.5,,0.4,0.5,True,41,36.58536585365854,-0.18511143632588828,0.8615154943339624,19.877938553891173
0.9,-1.5,,0.4,0.6,False,60,43.333333333333336,0.10752376176567194,1.0978549922473493,16.011883346298088
0.9,-1.5,,0.4,0.6,True,41,36.58536585365854,-0.18511143632588828,0.8615154943339624,19.877938553891173
0.9,-1.5,,0.4,0.7,False,60,43.333333333333336,0.10752376176567194,1.0978549922473493,16.011883346298088
0.9,-1.5,,0.4,0.7,True,41,36.58536585365854,-0.18511143632588828,0.8615154943339624,19.877938553891173
0.9,-1.0,,,,False,56,42.857142857142854,0.09936902129859614,1.092001273520065,13.325417740835835
0.9,-1.0,,,,True,37,35.13513513513514,-0.229089983853523,0.8282777349092704,17.520536218612563
0.9,-1.0,,,0.5,False,56,42.857142857142854,0.09936902129859614,1.092001273520065,13.325417740835835
0.9,-1.0,,,0.5,True,37,35.13513513513514,-0.229089983853523,0.8282777349092704,17.520536218612563
0.9,-1.0,,,0.6,False,56,42.857142857142854,0.09936902129859614,1.092001273520065,13.325417740835835
0.9,-1.0,,,0.6,True,37,35.13513513513514,-0.229089983853523,0.8282777349092704,17.520536218612563
0.9,-1.0,,,0.7,False,56,42.857142857142854,0.09936902129859614,1.092001273520065,13.325417740835835
0.9,-1.0,,,0.7,True,37,35.13513513513514,-0.229089983853523,0.8282777349092704,17.520536218612563
0.9,-1.0,,0.2,,False,56,42.857142857142854,0.09936902129859614,1.092001273520065,13.325417740835835
0.9,-1.0,,0.2,,True,37,35.13513513513514,-0.229089983853523,0.8282777349092704,17.520536218612563
0.9,-1.0,,0.2,0.5,False,56,42.857142857142854,0.09936902129859614,1.092001273520065,13.325417740835835
0.9,-1.0,,0.2,0.5,True,37,35.13513513513514,-0.229089983853523,0.8282777349092704,17.520536218612563
0.9,-1.0,,0.2,0.6,False,56,42.857142857142854,0.09936902129859614,1.092001273520065,13.325417740835835
0.9,-1.0,,0.2,0.6,True,37,35.13513513513514,-0.229089983853523,0.8282777349092704,17.520536218612563
0.9,-1.0,,0.2,0.7,False,56,42.857142857142854,0.09936902129859614,1.092001273520065,13.325417740835835
0.9,-1.0,,0.2,0.7,True,37,35.13513513513514,-0.229089983853523,0.8282777349092704,17.520536218612563
0.9,-1.0,,0.3,,False,56,42.857142857142854,0.09936902129859614,1.092001273520065,13.325417740835835
0.9,-1.0,,0.3,,True,37,35.13513513513514,-0.229089983853523,0.8282777349092704,17.520536218612563
0.9,-1.0,,0.3,0.5,False,56,42.857142857142854,0.09936902129859614,1.092001273520065,13.325417740835835
0.9,-1.0,,0.3,0.5,True,37,35.13513513513514,-0.229089983853523,0.8282777349092704,17.520536218612563
0.9,-1.0,,0.3,0.6,False,56,42.857142857142854,0.09936902129859614,1.092001273520065,13.325417740835835
0.9,-1.0,,0.3,0.6,True,37,35.13513513513514,-0.229089983853523,0.8282777349092704,17.520536218612563
0.9,-1.0,,0.3,0.7,False,56,42.857142857142854,0.09936902129859614,1.092001273520065,13.325417740835835
0.9,-1.0,,0.3,0.7,True,37,35.13513513513514,-0.229089983853523,0.8282777349092704,17.520536218612563
0.9,-1.0,,0.4,,False,56,42.857142857142854,0.09936902129859614,1.092001273520065,13.325417740835835
0.9,-1.0,,0.4,,True,37,35.13513513513514,-0.229089983853523,0.8282777349092704,17.520536218612563
0.9,-1.0,,0.4,0.5,False,56,42.857142857142854,0.09936902129859614,1.092001273520065,13.325417740835835
0.9,-1.0,,0.4,0.5,True,37,35.13513513513514,-0.229089983853523,0.8282777349092704,17.520536218612563
0.9,-1.0,,0.4,0.6,False,56,42.857142857142854,0.09936902129859614,1.092001273520065,13.325417740835835
0.9,-1.0,,0.4,0.6,True,37,35.13513513513514,-0.229089983853523,0.8282777349092704,17.520536218612563
0.9,-1.0,,0.4,0.7,False,56,42.857142857142854,0.09936902129859614,1.092001273520065,13.325417740835835
0.9,-1.0,,0.4,0.7,True,37,35.13513513513514,-0.229089983853523,0.8282777349092704,17.520536218612563
0.95,,,,,False,36,41.66666666666667,0.4698418655538318,1.4085024924012126,10.451214339534502
0.95,,,,,True,24,37.5,0.5939664539172772,1.4092475246054543,10.451214339534502
0.95,,,,0.5,False,36,41.66666666666667,0.4698418655538318,1.4085024924012126,10.451214339534502
0.95,,,,0.5,True,24,37.5,0.5939664539172772,1.4092475246054543,10.451214339534502
0.95,,,,0.6,False,36,41.66666666666667,0.4698418655538318,1.4085024924012126,10.451214339534502
0.95,,,,0.6,True,24,37.5,0.5939664539172772,1.4092475246054543,10.451214339534502
0.95,,,,0.7,False,36,41.66666666666667,0.4698418655538318,1.4085024924012126,10.451214339534502
0.95,,,,0.7,True,24,37.5,0.5939664539172772,1.4092475246054543,10.451214339534502
0.95,,,0.2,,False,36,41.66666666666667,0.4698418655538318,1.4085024924012126,10.451214339534502
0.95,,,0.2,,True,24,37.5,0.5939664539172772,1.4092475246054543,10.451214339534502
0.95,,,0.2,0.5,False,36,41.66666666666667,0.4698418655538318,1.4085024924012126,10.451214339534502
0.95,,,0.2,0.5,True,24,37.5,0.5939664539172772,1.4092475246054543,10.451214339534502
0.95,,,0.2,0.6,False,36,41.66666666666667,0.4698418655538318,1.4085024924012126,10.451214339534502
0.95,,,0.2,0.6,True,24,37.5,0.5939664539172772,1.4092475246054543,10.451214339534502
0.95,,,0.2,0.7,False,36,41.66666666666667,0.4698418655538318,1.4085024924012126,10.451214339534502
0.95,,,0.2,0.7,True,24,37.5,0.5939664539172772,1.4092475246054543,10.451214339534502
0.95,,,0.3,,False,36,41.66666666666667,0.4698418655538318,1.4085024924012126,10.451214339534502
0.95,,,0.3,,True,24,37.5,0.5939664539172772,1.4092475246054543,10.451214339534502
0.95,,,0.3,0.5,False,36,41.66666666666667,0.4698418655538318,1.4085024924012126,10.451214339534502
0.95,,,0.3,0.5,True,24,37.5,0.5939664539172772,1.4092475246054543,10.451214339534502
0.95,,,0.3,0.6,False,36,41.66666666666667,0.4698418655538318,1.4085024924012126,10.451214339534502
0.95,,,0.3,0.6,True,24,37.5,0.5939664539172772,1.4092475246054543,10.451214339534502
0.95,,,0.3,0.7,False,36,41.66666666666667,0.4698418655538318,1.4085024924012126,10.451214339534502
0.95,,,0.3,0.7,True,24,37.5,0.5939664539172772,1.4092475246054543,10.451214339534502
0.95,,,0.4,,False,36,41.66666666666667,0.4698418655538318,1.4085024924012126,10.451214339534502
0.95,,,0.4,,True,24,37.5,0.5939664539172772,1.4092475246054543,10.451214339534502
0.95,,,0.4,0.5,False,36,41.66666666666667,0.4698418655538318,1.4085024924012126,10.451214339534502
0.95,,,0.4,0.5,True,24,37.5,0.5939664539172772,1.4092475246054543,10.451214339534502
0.95,,,0.4,0.6,False,36,41.66666666666667,0.4698418655538318,1.4085024924012126,10.451214339534502
0.95,,,0.4,0.6,True,24,37.5,0.5939664539172772,1.4092475246054543,10.451214339534502
0.95,,,0.4,0.7,False,36,41.66666666666667,0.4698418655538318,1.4085024924012126,10.451214339534502
0.95,,,0.4,0.7,True,24,37.5,0.5939664539172772,1.4092475246054543,10.451214339534502
0.95,-3.0,,,,False,35,40.0,0.16245421080843905,1.1373218086090202,16.120091847651008
0.95,-3.0,,,,True,23,34.78260869565217,0.1315993527118294,1.0868949406837651,15.071837297152916
0.95,-3.0,,,0.5,False,35,40.0,0.16245421080843905,1.1373218086090202,16.120091847651008
0.95,-3.0,,,0.5,True,23,34.78260869565217,0.1315993527118294,1.0868949406837651,15.071837297152916
0.95,-3.0,,,0.6,False,35,40.0,0.16245421080843905,1.1373218086090202,16.120091847651008
0.95,-3.0,,,0.6,True,23,34.78260869565217,0.1315993527118294,1.0868949406837651,15.071837297152916
0.95,-3.0,,,0.7,False,35,40.0,0.16245421080843905,1.1373218086090202,16.120091847651008
0.95,-3.0,,,0.7,True,23,34.78260869565217,0.1315993527118294,1.0868949406837651,15.071837297152916
0.95,-3.0,,0.2,,False,35,40.0,0.16245421080843905,1.1373218086090202,16.120091847651008
0.95,-3.0,,0.2,,True,23,34.78260869565217,0.1315993527118294,1.0868949406837651,15.071837297152916
0.95,-3.0,,0.2,0.5,False,35,40.0,0.16245421080843905,1.1373218086090202,16.120091847651008
0.95,-3.0,,0.2,0.5,True,23,34.78260869565217,0.1315993527118294,1.0868949406837651,15.071837297152916
0.95,-3.0,,0.2,0.6,False,35,40.0,0.16245421080843905,1.1373218086090202,16.120091847651008
0.95,-3.0,,0.2,0.6,True,23,34.78260869565217,0.1315993527118294,1.0868949406837651,15.071837297152916
0.95,-3.0,,0.2,0.7,False,35,40.0,0.16245421080843905,1.1373218086090202,16.120091847651008
0.95,-3.0,,0.2,0.7,True,23,34.78260869565217,0.1315993527118294,1.0868949406837651,15.071837297152916
0.95,-3.0,,0.3,,False,35,40.0,0.16245421080843905,1.1373218086090202,16.120091847651008
0.95,-3.0,,0.3,,True,23,34.78260869565217,0.1315993527118294,1.0868949406837651,15.071837297152916
0.95,-3.0,,0.3,0.5,False,35,40.0,0.16245421080843905,1.1373218086090202,16.120091847651008
0.95,-3.0,,0.3,0.5,True,23,34.78260869565217,0.1315993527118294,1.0868949406837651,15.071837297152916
0.95,-3.0,,0.3,0.6,False,35,40.0,0.16245421080843905,1.1373218086090202,16.120091847651008
0.95,-3.0,,0.3,0.6,True,23,34.78260869565217,0.1315993527118294,1.0868949406837651,15.071837297152916
0.95,-3.0,,0.3,0.7,False,35,40.0,0.16245421080843905,1.1373218086090202,16.120091847651008
0.95,-3.0,,0.3,0.7,True,23,34.78260869565217,0.1315993527118294,1.0868949406837651,15.071837297152916
0.95,-3.0,,0.4,,False,35,40.0,0.16245421080843905,1.1373218086090202,16.120091847651008
0.95,-3.0,,0.4,,True,23,34.78260869565217,0.1315993527118294,1.0868949406837651,15.071837297152916
0.95,-3.0,,0.4,0.5,False,35,40.0,0.16245421080843905,1.1373218086090202,16.120091847651008
0.95,-3.0,,0.4,0.5,True,23,34.78260869565217,0.1315993527118294,1.0868949406837651,15.071837297152916
0.95,-3.0,,0.4,0.6,False,35,40.0,0.16245421080843905,1.1373218086090202,16.120091847651008
0.95,-3.0,,0.4,0.6,True,23,34.78260869565217,0.1315993527118294,1.0868949406837651,15.071837297152916
0.95,-3.0,,0.4,0.7,False,35,40.0,0.16245421080843905,1.1373218086090202,16.120091847651008
0.95,-3.0,,0.4,0.7,True,23,34.78260869565217,0.1315993527118294,1.0868949406837651,15.071837297152916
0.95,-2.5,,,,False,35,40.0,0.16245421080843905,1.1373218086090202,16.120091847651008
0.95,-2.5,,,,True,23,34.78260869565217,0.1315993527118294,1.0868949406837651,15.071837297152916
0.95,-2.5,,,0.5,False,35,40.0,0.16245421080843905,1.1373218086090202,16.120091847651008
0.95,-2.5,,,0.5,True,23,34.78260869565217,0.1315993527118294,1.0868949406837651,15.071837297152916
0.95,-2.5,,,0.6,False,35,40.0,0.16245421080843905,1.1373218086090202,16.120091847651008
0.95,-2.5,,,0.6,True,23,34.78260869565217,0.1315993527118294,1.0868949406837651,15.071837297152916
0.95,-2.5,,,0.7,False,35,40.0,0.16245421080843905,1.1373218086090202,16.120091847651008
0.95,-2.5,,,0.7,True,23,34.78260869565217,0.1315993527118294,1.0868949406837651,15.071837297152916
0.95,-2.5,,0.2,,False,35,40.0,0.16245421080843905,1.1373218086090202,16.120091847651008
0.95,-2.5,,0.2,,True,23,34.78260869565217,0.1315993527118294,1.0868949406837651,15.071837297152916
0.95,-2.5,,0.2,0.5,False,35,40.0,0.16245421080843905,1.1373218086090202,16.120091847651008
0.95,-2.5,,0.2,0.5,True,23,34.78260869565217,0.1315993527118294,1.0868949406837651,15.071837297152916
0.95,-2.5,,0.2,0.6,False,35,40.0,0.16245421080843905,1.1373218086090202,16.120091847651008
0.95,-2.5,,0.2,0.6,True,23,34.78260869565217,0.1315993527118294,1.0868949406837651,15.071837297152916
0.95,-2.5,,0.2,0.7,False,35,40.0,0.16245421080843905,1.1373218086090202,16.120091847651008
0.95,-2.5,,0.2,0.7,True,23,34.78260869565217,0.1315993527118294,1.0868949406837651,15.071837297152916
0.95,-2.5,,0.3,,False,35,40.0,0.16245421080843905,1.1373218086090202,16.120091847651008
0.95,-2.5,,0.3,,True,23,34.78260869565217,0.1315993527118294,1.0868949406837651,15.071837297152916
0.95,-2.5,,0.3,0.5,False,35,40.0,0.16245421080843905,1.1373218086090202,16.120091847651008
0.95,-2.5,,0.3,0.5,True,23,34.78260869565217,0.1315993527118294,1.0868949406837651,15.071837297152916
0.95,-2.5,,0.3,0.6,False,35,40.0,0.16245421080843905,1.1373218086090202,16.120091847651008
0.95,-2.5,,0.3,0.6,True,23,34.78260869565217,0.1315993527118294,1.0868949406837651,15.071837297152916
0.95,-2.5,,0.3,0.7,False,35,40.0,0.16245421080843905,1.1373218086090202,16.120091847651008
0.95,-2.5,,0.3,0.7,True,23,34.78260869565217,0.1315993527118294,1.0868949406837651,15.071837297152916
0.95,-2.5,,0.4,,False,35,40.0,0.16245421080843905,1.1373218086090202,16.120091847651008
0.95,-2.5,,0.4,,True,23,34.78260869565217,0.1315993527118294,1.0868949406837651,15.071837297152916
0.95,-2.5,,0.4,0.5,False,35,40.0,0.16245421080843905,1.1373218086090202,16.120091847651008
0.95,-2.5,,0.4,0.5,True,23,34.78260869565217,0.1315993527118294,1.0868949406837651,15.071837297152916
0.95,-2.5,,0.4,0.6,False,35,40.0,0.16245421080843905,1.1373218086090202,16.120091847651008
0.95,-2.5,,0.4,0.6,True,23,34.78260869565217,0.1315993527118294,1.0868949406837651,15.071837297152916
0.95,-2.5,,0.4,0.7,False,35,40.0,0.16245421080843905,1.1373218086090202,16.120091847651008
0.95,-2.5,,0.4,0.7,True,23,34.78260869565217,0.1315993527118294,1.0868949406837651,15.071837297152916
0.95,-2.0,,,,False,35,40.0,0.16245421080843905,1.1373218086090202,16.120091847651008
0.95,-2.0,,,,True,23,34.78260869565217,0.1315993527118294,1.0868949406837651,15.071837297152916
0.95,-2.0,,,0.5,False,35,40.0,0.16245421080843905,1.1373218086090202,16.120091847651008
0.95,-2.0,,,0.5,True,23,34.78260869565217,0.1315993527118294,1.0868949406837651,15.071837297152916
0.95,-2.0,,,0.6,False,35,40.0,0.16245421080843905,1.1373218086090202,16.120091847651008
0.95,-2.0,,,0.6,True,23,34.78260869565217,0.1315993527118294,1.0868949406837651,15.071837297152916
0.95,-2.0,,,0.7,False,35,40.0,0.16245421080843905,1.1373218086090202,16.120091847651008
0.95,-2.0,,,0.7,True,23,34.78260869565217,0.1315993527118294,1.0868949406837651,15.071837297152916
0.95,-2.0,,0.2,,False,35,40.0,0.16245421080843905,1.1373218086090202,16.120091847651008
0.95,-2.0,,0.2,,True,23,34.78260869565217,0.1315993527118294,1.0868949406837651,15.071837297152916
0.95,-2.0,,0.2,0.5,False,35,40.0,0.16245421080843905,1.1373218086090202,16.120091847651008
0.95,-2.0,,0.2,0.5,True,23,34.78260869565217,0.1315993527118294,1.0868949406837651,15.071837297152916
0.95,-2.0,,0.2,0.6,False,35,40.0,0.16245421080843905,1.1373218086090202,16.120091847651008
0.95,-2.0,,0.2,0.6,True,23,34.78260869565217,0.1315993527118294,1.0868949406837651,15.071837297152916
0.95,-2.0,,0.2,0.7,False,35,40.0,0.16245421080843905,1.1373218086090202,16.120091847651008
0.95,-2.0,,0.2,0.7,True,23,34.78260869565217,0.1315993527118294,1.0868949406837651,15.071837297152916
0.95,-2.0,,0.3,,False,35,40.0,0.16245421080843905,1.1373218086090202,16.120091847651008
0.95,-2.0,,0.3,,True,23,34.78260869565217,0.1315993527118294,1.0868949406837651,15.071837297152916
0.95,-2.0,,0.3,0.5,False,35,40.0,0.16245421080843905,1.1373218086090202,16.120091847651008
0.95,-2.0,,0.3,0.5,True,23,34.78260869565217,0.1315993527118294,1.0868949406837651,15.071837297152916
0.95,-2.0,,0.3,0.6,False,35,40.0,0.16245421080843905,1.1373218086090202,16.120091847651008
0.95,-2.0,,0.3,0.6,True,23,34.78260869565217,0.1315993527118294,1.0868949406837651,15.071837297152916
0.95,-2.0,,0.3,0.7,False,35,40.0,0.16245421080843905,1.1373218086090202,16.120091847651008
0.95,-2.0,,0.3,0.7,True,23,34.78260869565217,0.1315993527118294,1.0868949406837651,15.071837297152916
0.95,-2.0,,0.4,,False,35,40.0,0.16245421080843905,1.1373218086090202,16.120091847651008
0.95,-2.0,,0.4,,True,23,34.78260869565217,0.1315993527118294,1.0868949406837651,15.071837297152916
0.95,-2.0,,0.4,0.5,False,35,40.0,0.16245421080843905,1.1373218086090202,16.120091847651008
0.95,-2.0,,0.4,0.5,True,23,34.78260869565217,0.1315993527118294,1.0868949406837651,15.071837297152916
0.95,-2.0,,0.4,0.6,False,35,40.0,0.16245421080843905,1.1373218086090202,16.120091847651008
0.95,-2.0,,0.4,0.6,True,23,34.78260869565217,0.1315993527118294,1.0868949406837651,15.071837297152916
0.95,-2.0,,0.4,0.7,False,35,40.0,0.16245421080843905,1.1373218086090202,16.120091847651008
0.95,-2.0,,0.4,0.7,True,23,34.78260869565217,0.1315993527118294,1.0868949406837651,15.071837297152916
0.95,-1.5,,,,False,35,40.0,0.16245421080843905,1.1373218086090202,16.120091847651008
0.95,-1.5,,,,True,23,34.78260869565217,0.1315993527118294,1.0868949406837651,15.071837297152916
0.95,-1.5,,,0.5,False,35,40.0,0.16245421080843905,1.1373218086090202,16.120091847651008
0.95,-1.5,,,0.5,True,23,34.78260869565217,0.1315993527118294,1.0868949406837651,15.071837297152916
0.95,-1.5,,,0.6,False,35,40.0,0.16245421080843905,1.1373218086090202,16.120091847651008
0.95,-1.5,,,0.6,True,23,34.78260869565217,0.1315993527118294,1.0868949406837651,15.071837297152916
0.95,-1.5,,,0.7,False,35,40.0,0.16245421080843905,1.1373218086090202,16.120091847651008
0.95,-1.5,,,0.7,True,23,34.78260869565217,0.1315993527118294,1.0868949406837651,15.071837297152916
0.95,-1.5,,0.2,,False,35,40.0,0.16245421080843905,1.1373218086090202,16.120091847651008
0.95,-1.5,,0.2,,True,23,34.78260869565217,0.1315993527118294,1.0868949406837651,15.071837297152916
0.95,-1.5,,0.2,0.5,False,35,40.0,0.16245421080843905,1.1373218086090202,16.120091847651008
0.95,-1.5,,0.2,0.5,True,23,34.78260869565217,0.1315993527118294,1.0868949406837651,15.071837297152916
0.95,-1.5,,0.2,0.6,False,35,40.0,0.16245421080843905,1.1373218086090202,16.120091847651008
0.95,-1.5,,0.2,0.6,True,23,34.78260869565217,0.1315993527118294,1.0868949406837651,15.071837297152916
0.95,-1.5,,0.2,0.7,False,35,40.0,0.16245421080843905,1.1373218086090202,16.120091847651008
0.95,-1.5,,0.2,0.7,True,23,34.78260869565217,0.1315993527118294,1.0868949406837651,15.071837297152916
0.95,-1.5,,0.3,,False,35,40.0,0.16245421080843905,1.1373218086090202,16.120091847651008
0.95,-1.5,,0.3,,True,23,34.78260869565217,0.1315993527118294,1.0868949406837651,15.071837297152916
0.95,-1.5,,0.3,0.5,False,35,40.0,0.16245421080843905,1.1373218086090202,16.120091847651008
0.95,-1.5,,0.3,0.5,True,23,34.78260869565217,0.1315993527118294,1.0868949406837651,15.071837297152916
0.95,-1.5,,0.3,0.6,False,35,40.0,0.16245421080843905,1.1373218086090202,16.120091847651008
0.95,-1.5,,0.3,0.6,True,23,34.78260869565217,0.1315993527118294,1.0868949406837651,15.071837297152916
0.95,-1.5,,0.3,0.7,False,35,40.0,0.16245421080843905,1.1373218086090202,16.120091847651008
0.95,-1.5,,0.3,0.7,True,23,34.78260869565217,0.1315993527118294,1.0868949406837651,15.071837297152916
0.95,-1.5,,0.4,,False,35,40.0,0.16245421080843905,1.1373218086090202,16.120091847651008
0.95,-1.5,,0.4,,True,23,34.78260869565217,0.1315993527118294,1.0868949406837651,15.071837297152916
0.95,-1.5,,0.4,0.5,False,35,40.0,0.16245421080843905,1.1373218086090202,16.120091847651008
0.95,-1.5,,0.4,0.5,True,23,34.78260869565217,0.1315993527118294,1.0868949406837651,15.071837297152916
0.95,-1.5,,0.4,0.6,False,35,40.0,0.16245421080843905,1.1373218086090202,16.120091847651008
0.95,-1.5,,0.4,0.6,True,23,34.78260869565217,0.1315993527118294,1.0868949406837651,15.071837297152916
0.95,-1.5,,0.4,0.7,False,35,40.0,0.16245421080843905,1.1373218086090202,16.120091847651008
0.95,-1.5,,0.4,0.7,True,23,34.78260869565217,0.1315993527118294,1.0868949406837651,15.071837297152916
0.95,-1.0,,,,False,32,40.625,0.2361388821261053,1.2101238017166998,10.67631887922982
0.95,-1.0,,,,True,20,35.0,0.24486659810560388,1.1666386972588791,9.62806432873173
0.95,-1.0,,,0.5,False,32,40.625,0.2361388821261053,1.2101238017166998,10.67631887922982
0.95,-1.0,,,0.5,True,20,35.0,0.24486659810560388,1.1666386972588791,9.62806432873173
0.95,-1.0,,,0.6,False,32,40.625,0.2361388821261053,1.2101238017166998,10.67631887922982
0.95,-1.0,,,0.6,True,20,35.0,0.24486659810560388,1.1666386972588791,9.62806432873173
0.95,-1.0,,,0.7,False,32,40.625,0.2361388821261053,1.2101238017166998,10.67631887922982
0.95,-1.0,,,0.7,True,20,35.0,0.24486659810560388,1.1666386972588791,9.62806432873173
0.95,-1.0,,0.2,,False,32,40.625,0.2361388821261053,1.2101238017166998,10.67631887922982
0.95,-1.0,,0.2,,True,20,35.0,0.24486659810560388,1.1666386972588791,9.62806432873173
0.95,-1.0,,0.2,0.5,False,32,40.625,0.2361388821261053,1.2101238017166998,10.67631887922982
0.95,-1.0,,0.2,0.5,True,20,35.0,0.24486659810560388,1.1666386972588791,9.62806432873173
0.95,-1.0,,0.2,0.6,False,32,40.625,0.2361388821261053,1.2101238017166998,10.67631887922982
0.95,-1.0,,0.2,0.6,True,20,35.0,0.24486659810560388,1.1666386972588791,9.62806432873173
0.95,-1.0,,0.2,0.7,False,32,40.625,0.2361388821261053,1.2101238017166998,10.67631887922982
0.95,-1.0,,0.2,0.7,True,20,35.0,0.24486659810560388,1.1666386972588791,9.62806432873173
0.95,-1.0,,0.3,,False,32,40.625,0.2361388821261053,1.2101238017166998,10.67631887922982
0.95,-1.0,,0.3,,True,20,35.0,0.24486659810560388,1.1666386972588791,9.62806432873173
0.95,-1.0,,0.3,0.5,False,32,40.625,0.2361388821261053,1.2101238017166998,10.67631887922982
0.95,-1.0,,0.3,0.5,True,20,35.0,0.24486659810560388,1.1666386972588791,9.62806432873173
0.95,-1.0,,0.3,0.6,False,32,40.625,0.2361388821261053,1.2101238017166998,10.67631887922982
0.95,-1.0,,0.3,0.6,True,20,35.0,0.24486659810560388,1.1666386972588791,9.62806432873173
0.95,-1.0,,0.3,0.7,False,32,40.625,0.2361388821261053,1.2101238017166998,10.67631887922982
0.95,-1.0,,0.3,0.7,True,20,35.0,0.24486659810560388,1.1666386972588791,9.62806432873173
0.95,-1.0,,0.4,,False,32,40.625,0.2361388821261053,1.2101238017166998,10.67631887922982
0.95,-1.0,,0.4,,True,20,35.0,0.24486659810560388,1.1666386972588791,9.62806432873173
0.95,-1.0,,0.4,0.5,False,32,40.625,0.2361388821261053,1.2101238017166998,10.67631887922982
0.95,-1.0,,0.4,0.5,True,20,35.0,0.24486659810560388,1.1666386972588791,9.62806432873173
0.95,-1.0,,0.4,0.6,False,32,40.625,0.2361388821261053,1.2101238017166998,10.67631887922982
0.95,-1.0,,0.4,0.6,True,20,35.0,0.24486659810560388,1.1666386972588791,9.62806432873173
0.95,-1.0,,0.4,0.7,False,32,40.625,0.2361388821261053,1.2101238017166998,10.67631887922982
0.95,-1.0,,0.4,0.7,True,20,35.0,0.24486659810560388,1.1666386972588791,9.62806432873173
1.0,,,,,False,11,45.45454545454545,0.8605570149820632,1.8804111854250232,10.751938777598411
1.0,,,,,True,5,40.0,1.3461320828904202,1.8339339434538244,8.070975485871662
1.0,,,,0.5,False,11,45.45454545454545,0.8605570149820632,1.8804111854250232,10.751938777598411
1.0,,,,0.5,True,5,40.0,1.3461320828904202,1.8339339434538244,8.070975485871662
1.0,,,,0.6,False,11,45.45454545454545,0.8605570149820632,1.8804111854250232,10.751938777598411
1.0,,,,0.6,True,5,40.0,1.3461320828904202,1.8339339434538244,8.070975485871662
1.0,,,,0.7,False,11,45.45454545454545,0.8605570149820632,1.8804111854250232,10.751938777598411
1.0,,,,0.7,True,5,40.0,1.3461320828904202,1.8339339434538244,8.070975485871662
1.0,,,0.2,,False,11,45.45454545454545,0.8605570149820632,1.8804111854250232,10.751938777598411
1.0,,,0.2,,True,5,40.0,1.3461320828904202,1.8339339434538244,8.070975485871662
1.0,,,0.2,0.5,False,11,45.45454545454545,0.8605570149820632,1.8804111854250232,10.751938777598411
1.0,,,0.2,0.5,True,5,40.0,1.3461320828904202,1.8339339434538244,8.070975485871662
1.0,,,0.2,0.6,False,11,45.45454545454545,0.8605570149820632,1.8804111854250232,10.751938777598411
1.0,,,0.2,0.6,True,5,40.0,1.3461320828904202,1.8339339434538244,8.070975485871662
1.0,,,0.2,0.7,False,11,45.45454545454545,0.8605570149820632,1.8804111854250232,10.751938777598411
1.0,,,0.2,0.7,True,5,40.0,1.3461320828904202,1.8339339434538244,8.070975485871662
1.0,,,0.3,,False,11,45.45454545454545,0.8605570149820632,1.8804111854250232,10.751938777598411
1.0,,,0.3,,True,5,40.0,1.3461320828904202,1.8339339434538244,8.070975485871662
1.0,,,0.3,0.5,False,11,45.45454545454545,0.8605570149820632,1.8804111854250232,10.751938777598411
1.0,,,0.3,0.5,True,5,40.0,1.3461320828904202,1.8339339434538244,8.070975485871662
1.0,,,0.3,0.6,False,11,45.45454545454545,0.8605570149820632,1.8804111854250232,10.751938777598411
1.0,,,0.3,0.6,True,5,40.0,1.3461320828904202,1.8339339434538244,8.070975485871662
1.0,,,0.3,0.7,False,11,45.45454545454545,0.8605570149820632,1.8804111854250232,10.751938777598411
1.0,,,0.3,0.7,True,5,40.0,1.3461320828904202,1.8339339434538244,8.070975485871662
1.0,,,0.4,,False,11,45.45454545454545,0.8605570149820632,1.8804111854250232,10.751938777598411
1.0,,,0.4,,True,5,40.0,1.3461320828904202,1.8339339434538244,8.070975485871662
1.0,,,0.4,0.5,False,11,45.45454545454545,0.8605570149820632,1.8804111854250232,10.751938777598411
1.0,,,0.4,0.5,True,5,40.0,1.3461320828904202,1.8339339434538244,8.070975485871662
1.0,,,0.4,0.6,False,11,45.45454545454545,0.8605570149820632,1.8804111854250232,10.751938777598411
1.0,,,0.4,0.6,True,5,40.0,1.3461320828904202,1.8339339434538244,8.070975485871662
1.0,,,0.4,0.7,False,11,45.45454545454545,0.8605570149820632,1.8804111854250232,10.751938777598411
1.0,,,0.4,0.7,True,5,40.0,1.3461320828904202,1.8339339434538244,8.070975485871662
1.0,-3.0,,,,False,10,40.0,-0.17622826168398836,0.8360962935808762,10.751938777598411
1.0,-3.0,,,,True,4,25.0,-1.1244373417976192,0.4427254332436222,8.070975485871662
1.0,-3.0,,,0.5,False,10,40.0,-0.17622826168398836,0.8360962935808762,10.751938777598411
1.0,-3.0,,,0.5,True,4,25.0,-1.1244373417976192,0.4427254332436222,8.070975485871662
1.0,-3.0,,,0.6,False,10,40.0,-0.17622826168398836,0.8360962935808762,10.751938777598411
1.0,-3.0,,,0.6,True,4,25.0,-1.1244373417976192,0.4427254332436222,8.070975485871662
1.0,-3.0,,,0.7,False,10,40.0,-0.17622826168398836,0.8360962935808762,10.751938777598411
1.0,-3.0,,,0.7,True,4,25.0,-1.1244373417976192,0.4427254332436222,8.070975485871662
1.0,-3.0,,0.2,,False,10,40.0,-0.17622826168398836,0.8360962935808762,10.751938777598411
1.0,-3.0,,0.2,,True,4,25.0,-1.1244373417976192,0.4427254332436222,8.070975485871662
1.0,-3.0,,0.2,0.5,False,10,40.0,-0.17622826168398836,0.8360962935808762,10.751938777598411
1.0,-3.0,,0.2,0.5,True,4,25.0,-1.1244373417976192,0.4427254332436222,8.070975485871662
1.0,-3.0,,0.2,0.6,False,10,40.0,-0.17622826168398836,0.8360962935808762,10.751938777598411
1.0,-3.0,,0.2,0.6,True,4,25.0,-1.1244373417976192,0.4427254332436222,8.070975485871662
1.0,-3.0,,0.2,0.7,False,10,40.0,-0.17622826168398836,0.8360962935808762,10.751938777598411
1.0,-3.0,,0.2,0.7,True,4,25.0,-1.1244373417976192,0.4427254332436222,8.070975485871662
1.0,-3.0,,0.3,,False,10,40.0,-0.17622826168398836,0.8360962935808762,10.751938777598411
1.0,-3.0,,0.3,,True,4,25.0,-1.1244373417976192,0.4427254332436222,8.070975485871662
1.0,-3.0,,0.3,0.5,False,10,40.0,-0.17622826168398836,0.8360962935808762,10.751938777598411
1.0,-3.0,,0.3,0.5,True,4,25.0,-1.1244373417976192,0.4427254332436222,8.070975485871662
1.0,-3.0,,0.3,0.6,False,10,40.0,-0.17622826168398836,0.8360962935808762,10.751938777598411
1.0,-3.0,,0.3,0.6,True,4,25.0,-1.1244373417976192,0.4427254332436222,8.070975485871662
1.0,-3.0,,0.3,0.7,False,10,40.0,-0.17622826168398836,0.8360962935808762,10.751938777598411
1.0,-3.0,,0.3,0.7,True,4,25.0,-1.1244373417976192,0.4427254332436222,8.070975485871662
1.0,-3.0,,0.4,,False,10,40.0,-0.17622826168398836,0.8360962935808762,10.751938777598411
1.0,-3.0,,0.4,,True,4,25.0,-1.1244373417976192,0.4427254332436222,8.070975485871662
1.0,-3.0,,0.4,0.5,False,10,40.0,-0.17622826168398836,0.8360962935808762,10.751938777598411
1.0,-3.0,,0.4,0.5,True,4,25.0,-1.1244373417976192,0.4427254332436222,8.070975485871662
1.0,-3.0,,0.4,0.6,False,10,40.0,-0.17622826168398836,0.8360962935808762,10.751938777598411
1.0,-3.0,,0.4,0.6,True,4,25.0,-1.1244373417976192,0.4427254332436222,8.070975485871662
1.0,-3.0,,0.4,0.7,False,10,40.0,-0.17622826168398836,0.8360962935808762,10.751938777598411
1.0,-3.0,,0.4,0.7,True,4,25.0,-1.1244373417976192,0.4427254332436222,8.070975485871662
1.0,-2.5,,,,False,10,40.0,-0.17622826168398836,0.8360962935808762,10.751938777598411
1.0,-2.5,,,,True,4,25.0,-1.1244373417976192,0.4427254332436222,8.070975485871662
1.0,-2.5,,,0.5,False,10,40.0,-0.17622826168398836,0.8360962935808762,10.751938777598411
1.0,-2.5,,,0.5,True,4,25.0,-1.1244373417976192,0.4427254332436222,8.070975485871662
1.0,-2.5,,,0.6,False,10,40.0,-0.17622826168398836,0.8360962935808762,10.751938777598411
1.0,-2.5,,,0.6,True,4,25.0,-1.1244373417976192,0.4427254332436222,8.070975485871662
1.0,-2.5,,,0.7,False,10,40.0,-0.17622826168398836,0.8360962935808762,10.751938777598411
1.0,-2.5,,,0.7,True,4,25.0,-1.1244373417976192,0.4427254332436222,8.070975485871662
1.0,-2.5,,0.2,,False,10,40.0,-0.17622826168398836,0.8360962935808762,10.751938777598411
1.0,-2.5,,0.2,,True,4,25.0,-1.1244373417976192,0.4427254332436222,8.070975485871662
1.0,-2.5,,0.2,0.5,False,10,40.0,-0.17622826168398836,0.8360962935808762,10.751938777598411
1.0,-2.5,,0.2,0.5,True,4,25.0,-1.1244373417976192,0.4427254332436222,8.070975485871662
1.0,-2.5,,0.2,0.6,False,10,40.0,-0.17622826168398836,0.8360962935808762,10.751938777598411
1.0,-2.5,,0.2,0.6,True,4,25.0,-1.1244373417976192,0.4427254332436222,8.070975485871662
1.0,-2.5,,0.2,0.7,False,10,40.0,-0.17622826168398836,0.8360962935808762,10.751938777598411
1.0,-2.5,,0.2,0.7,True,4,25.0,-1.1244373417976192,0.4427254332436222,8.070975485871662
1.0,-2.5,,0.3,,False,10,40.0,-0.17622826168398836,0.8360962935808762,10.751938777598411
1.0,-2.5,,0.3,,True,4,25.0,-1.1244373417976192,0.4427254332436222,8.070975485871662
1.0,-2.5,,0.3,0.5,False,10,40.0,-0.17622826168398836,0.8360962935808762,10.751938777598411
1.0,-2.5,,0.3,0.5,True,4,25.0,-1.1244373417976192,0.4427254332436222,8.070975485871662
1.0,-2.5,,0.3,0.6,False,10,40.0,-0.17622826168398836,0.8360962935808762,10.751938777598411
1.0,-2.5,,0.3,0.6,True,4,25.0,-1.1244373417976192,0.4427254332436222,8.070975485871662
1.0,-2.5,,0.3,0.7,False,10,40.0,-0.17622826168398836,0.8360962935808762,10.751938777598411
1.0,-2.5,,0.3,0.7,True,4,25.0,-1.1244373417976192,0.4427254332436222,8.070975485871662
1.0,-2.5,,0.4,,False,10,40.0,-0.17622826168398836,0.8360962935808762,10.751938777598411
1.0,-2.5,,0.4,,True,4,25.0,-1.1244373417976192,0.4427254332436222,8.070975485871662
1.0,-2.5,,0.4,0.5,False,10,40.0,-0.17622826168398836,0.8360962935808762,10.751938777598411
1.0,-2.5,,0.4,0.5,True,4,25.0,-1.1244373417976192,0.4427254332436222,8.070975485871662
1.0,-2.5,,0.4,0.6,False,10,40.0,-0.17622826168398836,0.8360962935808762,10.751938777598411
1.0,-2.5,,0.4,0.6,True,4,25.0,-1.1244373417976192,0.4427254332436222,8.070975485871662
1.0,-2.5,,0.4,0.7,False,10,40.0,-0.17622826168398836,0.8360962935808762,10.751938777598411
1.0,-2.5,,0.4,0.7,True,4,25.0,-1.1244373417976192,0.4427254332436222,8.070975485871662
1.0,-2.0,,,,False,10,40.0,-0.17622826168398836,0.8360962935808762,10.751938777598411
1.0,-2.0,,,,True,4,25.0,-1.1244373417976192,0.4427254332436222,8.070975485871662
1.0,-2.0,,,0.5,False,10,40.0,-0.17622826168398836,0.8360962935808762,10.751938777598411
1.0,-2.0,,,0.5,True,4,25.0,-1.1244373417976192,0.4427254332436222,8.070975485871662
1.0,-2.0,,,0.6,False,10,40.0,-0.17622826168398836,0.8360962935808762,10.751938777598411
1.0,-2.0,,,0.6,True,4,25.0,-1.1244373417976192,0.4427254332436222,8.070975485871662
1.0,-2.0,,,0.7,False,10,40.0,-0.17622826168398836,0.8360962935808762,10.751938777598411
1.0,-2.0,,,0.7,True,4,25.0,-1.1244373417976192,0.4427254332436222,8.070975485871662
1.0,-2.0,,0.2,,False,10,40.0,-0.17622826168398836,0.8360962935808762,10.751938777598411
1.0,-2.0,,0.2,,True,4,25.0,-1.1244373417976192,0.4427254332436222,8.070975485871662
1.0,-2.0,,0.2,0.5,False,10,40.0,-0.17622826168398836,0.8360962935808762,10.751938777598411
1.0,-2.0,,0.2,0.5,True,4,25.0,-1.1244373417976192,0.4427254332436222,8.070975485871662
1.0,-2.0,,0.2,0.6,False,10,40.0,-0.17622826168398836,0.8360962935808762,10.751938777598411
1.0,-2.0,,0.2,0.6,True,4,25.0,-1.1244373417976192,0.4427254332436222,8.070975485871662
1.0,-2.0,,0.2,0.7,False,10,40.0,-0.17622826168398836,0.8360962935808762,10.751938777598411
1.0,-2.0,,0.2,0.7,True,4,25.0,-1.1244373417976192,0.4427254332436222,8.070975485871662
1.0,-2.0,,0.3,,False,10,40.0,-0.17622826168398836,0.8360962935808762,10.751938777598411
1.0,-2.0,,0.3,,True,4,25.0,-1.1244373417976192,0.4427254332436222,8.070975485871662
1.0,-2.0,,0.3,0.5,False,10,40.0,-0.17622826168398836,0.8360962935808762,10.751938777598411
1.0,-2.0,,0.3,0.5,True,4,25.0,-1.1244373417976192,0.4427254332436222,8.070975485871662
1.0,-2.0,,0.3,0.6,False,10,40.0,-0.17622826168398836,0.8360962935808762,10.751938777598411
1.0,-2.0,,0.3,0.6,True,4,25.0,-1.1244373417976192,0.4427254332436222,8.070975485871662
1.0,-2.0,,0.3,0.7,False,10,40.0,-0.17622826168398836,0.8360962935808762,10.751938777598411
1.0,-2.0,,0.3,0.7,True,4,25.0,-1.1244373417976192,0.4427254332436222,8.070975485871662
1.0,-2.0,,0.4,,False,10,40.0,-0.17622826168398836,0.8360962935808762,10.751938777598411
1.0,-2.0,,0.4,,True,4,25.0,-1.1244373417976192,0.4427254332436222,8.070975485871662
1.0,-2.0,,0.4,0.5,False,10,40.0,-0.17622826168398836,0.8360962935808762,10.751938777598411
1.0,-2.0,,0.4,0.5,True,4,25.0,-1.1244373417976192,0.4427254332436222,8.070975485871662
1.0,-2.0,,0.4,0.6,False,10,40.0,-0.17622826168398836,0.8360962935808762,10.751938777598411
1.0,-2.0,,0.4,0.6,True,4,25.0,-1.1244373417976192,0.4427254332436222,8.070975485871662
1.0,-2.0,,0.4,0.7,False,10,40.0,-0.17622826168398836,0.8360962935808762,10.751938777598411
1.0,-2.0,,0.4,0.7,True,4,25.0,-1.1244373417976192,0.4427254332436222,8.070975485871662
1.0,-1.5,,,,False,10,40.0,-0.17622826168398836,0.8360962935808762,10.751938777598411
1.0,-1.5,,,,True,4,25.0,-1.1244373417976192,0.4427254332436222,8.070975485871662
1.0,-1.5,,,0.5,False,10,40.0,-0.17622826168398836,0.8360962935808762,10.751938777598411
1.0,-1.5,,,0.5,True,4,25.0,-1.1244373417976192,0.4427254332436222,8.070975485871662
1.0,-1.5,,,0.6,False,10,40.0,-0.17622826168398836,0.8360962935808762,10.751938777598411
1.0,-1.5,,,0.6,True,4,25.0,-1.1244373417976192,0.4427254332436222,8.070975485871662
1.0,-1.5,,,0.7,False,10,40.0,-0.17622826168398836,0.8360962935808762,10.751938777598411
1.0,-1.5,,,0.7,True,4,25.0,-1.1244373417976192,0.4427254332436222,8.070975485871662
1.0,-1.5,,0.2,,False,10,40.0,-0.17622826168398836,0.8360962935808762,10.751938777598411
1.0,-1.5,,0.2,,True,4,25.0,-1.1244373417976192,0.4427254332436222,8.070975485871662
1.0,-1.5,,0.2,0.5,False,10,40.0,-0.17622826168398836,0.8360962935808762,10.751938777598411
1.0,-1.5,,0.2,0.5,True,4,25.0,-1.1244373417976192,0.4427254332436222,8.070975485871662
1.0,-1.5,,0.2,0.6,False,10,40.0,-0.17622826168398836,0.8360962935808762,10.751938777598411
1.0,-1.5,,0.2,0.6,True,4,25.0,-1.1244373417976192,0.4427254332436222,8.070975485871662
1.0,-1.5,,0.2,0.7,False,10,40.0,-0.17622826168398836,0.8360962935808762,10.751938777598411
1.0,-1.5,,0.2,0.7,True,4,25.0,-1.1244373417976192,0.4427254332436222,8.070975485871662
1.0,-1.5,,0.3,,False,10,40.0,-0.17622826168398836,0.8360962935808762,10.751938777598411
1.0,-1.5,,0.3,,True,4,25.0,-1.1244373417976192,0.4427254332436222,8.070975485871662
1.0,-1.5,,0.3,0.5,False,10,40.0,-0.17622826168398836,0.8360962935808762,10.751938777598411
1.0,-1.5,,0.3,0.5,True,4,25.0,-1.1244373417976192,0.4427254332436222,8.070975485871662
1.0,-1.5,,0.3,0.6,False,10,40.0,-0.17622826168398836,0.8360962935808762,10.751938777598411
1.0,-1.5,,0.3,0.6,True,4,25.0,-1.1244373417976192,0.4427254332436222,8.070975485871662
1.0,-1.5,,0.3,0.7,False,10,40.0,-0.17622826168398836,0.8360962935808762,10.751938777598411
1.0,-1.5,,0.3,0.7,True,4,25.0,-1.1244373417976192,0.4427254332436222,8.070975485871662
1.0,-1.5,,0.4,,False,10,40.0,-0.17622826168398836,0.8360962935808762,10.751938777598411
1.0,-1.5,,0.4,,True,4,25.0,-1.1244373417976192,0.4427254332436222,8.070975485871662
1.0,-1.5,,0.4,0.5,False,10,40.0,-0.17622826168398836,0.8360962935808762,10.751938777598411
1.0,-1.5,,0.4,0.5,True,4,25.0,-1.1244373417976192,0.4427254332436222,8.070975485871662
1.0,-1.5,,0.4,0.6,False,10,40.0,-0.17622826168398836,0.8360962935808762,10.751938777598411
1.0,-1.5,,0.4,0.6,True,4,25.0,-1.1244373417976192,0.4427254332436222,8.070975485871662
1.0,-1.5,,0.4,0.7,False,10,40.0,-0.17622826168398836,0.8360962935808762,10.751938777598411
1.0,-1.5,,0.4,0.7,True,4,25.0,-1.1244373417976192,0.4427254332436222,8.070975485871662
1.0,-1.0,,,,False,8,37.5,-0.25035058885080774,0.7300523871376376,7.419234752883805
1.0,-1.0,,,,True,2,0.0,-2.3691357305785274,0.0,3.997495303694322
1.0,-1.0,,,0.5,False,8,37.5,-0.25035058885080774,0.7300523871376376,7.419234752883805
1.0,-1.0,,,0.5,True,2,0.0,-2.3691357305785274,0.0,3.997495303694322
1.0,-1.0,,,0.6,False,8,37.5,-0.25035058885080774,0.7300523871376376,7.419234752883805
1.0,-1.0,,,0.6,True,2,0.0,-2.3691357305785274,0.0,3.997495303694322
1.0,-1.0,,,0.7,False,8,37.5,-0.25035058885080774,0.7300523871376376,7.419234752883805
1.0,-1.0,,,0.7,True,2,0.0,-2.3691357305785274,0.0,3.997495303694322
1.0,-1.0,,0.2,,False,8,37.5,-0.25035058885080774,0.7300523871376376,7.419234752883805
1.0,-1.0,,0.2,,True,2,0.0,-2.3691357305785274,0.0,3.997495303694322
1.0,-1.0,,0.2,0.5,False,8,37.5,-0.25035058885080774,0.7300523871376376,7.419234752883805
1.0,-1.0,,0.2,0.5,True,2,0.0,-2.3691357305785274,0.0,3.997495303694322
1.0,-1.0,,0.2,0.6,False,8,37.5,-0.25035058885080774,0.7300523871376376,7.419234752883805
1.0,-1.0,,0.2,0.6,True,2,0.0,-2.3691357305785274,0.0,3.997495303694322
1.0,-1.0,,0.2,0.7,False,8,37.5,-0.25035058885080774,0.7300523871376376,7.419234752883805
1.0,-1.0,,0.2,0.7,True,2,0.0,-2.3691357305785274,0.0,3.997495303694322
1.0,-1.0,,0.3,,False,8,37.5,-0.25035058885080774,0.7300523871376376,7.419234752883805
1.0,-1.0,,0.3,,True,2,0.0,-2.3691357305785274,0.0,3.997495303694322
1.0,-1.0,,0.3,0.5,False,8,37.5,-0.25035058885080774,0.7300523871376376,7.419234752883805
1.0,-1.0,,0.3,0.5,True,2,0.0,-2.3691357305785274,0.0,3.997495303694322
1.0,-1.0,,0.3,0.6,False,8,37.5,-0.25035058885080774,0.7300523871376376,7.419234752883805
1.0,-1.0,,0.3,0.6,True,2,0.0,-2.3691357305785274,0.0,3.997495303694322
1.0,-1.0,,0.3,0.7,False,8,37.5,-0.25035058885080774,0.7300523871376376,7.419234752883805
1.0,-1.0,,0.3,0.7,True,2,0.0,-2.3691357305785274,0.0,3.997495303694322
1.0,-1.0,,0.4,,False,8,37.5,-0.25035058885080774,0.7300523871376376,7.419234752883805
1.0,-1.0,,0.4,,True,2,0.0,-2.3691357305785274,0.0,3.997495303694322
1.0,-1.0,,0.4,0.5,False,8,37.5,-0.25035058885080774,0.7300523871376376,7.419234752883805
1.0,-1.0,,0.4,0.5,True,2,0.0,-2.3691357305785274,0.0,3.997495303694322
1.0,-1.0,,0.4,0.6,False,8,37.5,-0.25035058885080774,0.7300523871376376,7.419234752883805
1.0,-1.0,,0.4,0.6,True,2,0.0,-2.3691357305785274,0.0,3.997495303694322
1.0,-1.0,,0.4,0.7,False,8,37.5,-0.25035058885080774,0.7300523871376376,7.419234752883805
1.0,-1.0,,0.4,0.7,True,2,0.0,-2.3691357305785274,0.0,3.997495303694322
1.05,,,,,False,0,0.0,0.0,0.0,0.0
1.05,,,,,True,0,0.0,0.0,0.0,0.0
1.05,,,,0.5,False,0,0.0,0.0,0.0,0.0
1.05,,,,0.5,True,0,0.0,0.0,0.0,0.0
1.05,,,,0.6,False,0,0.0,0.0,0.0,0.0
1.05,,,,0.6,True,0,0.0,0.0,0.0,0.0
1.05,,,,0.7,False,0,0.0,0.0,0.0,0.0
1.05,,,,0.7,True,0,0.0,0.0,0.0,0.0
1.05,,,0.2,,False,0,0.0,0.0,0.0,0.0
1.05,,,0.2,,True,0,0.0,0.0,0.0,0.0
1.05,,,0.2,0.5,False,0,0.0,0.0,0.0,0.0
1.05,,,0.2,0.5,True,0,0.0,0.0,0.0,0.0
1.05,,,0.2,0.6,False,0,0.0,0.0,0.0,0.0
1.05,,,0.2,0.6,True,0,0.0,0.0,0.0,0.0
1.05,,,0.2,0.7,False,0,0.0,0.0,0.0,0.0
1.05,,,0.2,0.7,True,0,0.0,0.0,0.0,0.0
1.05,,,0.3,,False,0,0.0,0.0,0.0,0.0
1.05,,,0.3,,True,0,0.0,0.0,0.0,0.0
1.05,,,0.3,0.5,False,0,0.0,0.0,0.0,0.0
1.05,,,0.3,0.5,True,0,0.0,0.0,0.0,0.0
1.05,,,0.3,0.6,False,0,0.0,0.0,0.0,0.0
1.05,,,0.3,0.6,True,0,0.0,0.0,0.0,0.0
1.05,,,0.3,0.7,False,0,0.0,0.0,0.0,0.0
1.05,,,0.3,0.7,True,0,0.0,0.0,0.0,0.0
1.05,,,0.4,,False,0,0.0,0.0,0.0,0.0
1.05,,,0.4,,True,0,0.0,0.0,0.0,0.0
1.05,,,0.4,0.5,False,0,0.0,0.0,0.0,0.0
1.05,,,0.4,0.5,True,0,0.0,0.0,0.0,0.0
1.05,,,0.4,0.6,False,0,0.0,0.0,0.0,0.0
1.05,,,0.4,0.6,True,0,0.0,0.0,0.0,0.0
1.05,,,0.4,0.7,False,0,0.0,0.0,0.0,0.0
1.05,,,0.4,0.7,True,0,0.0,0.0,0.0,0.0
1.05,-3.0,,,,False,0,0.0,0.0,0.0,0.0
1.05,-3.0,,,,True,0,0.0,0.0,0.0,0.0
1.05,-3.0,,,0.5,False,0,0.0,0.0,0.0,0.0
1.05,-3.0,,,0.5,True,0,0.0,0.0,0.0,0.0
1.05,-3.0,,,0.6,False,0,0.0,0.0,0.0,0.0
1.05,-3.0,,,0.6,True,0,0.0,0.0,0.0,0.0
1.05,-3.0,,,0.7,False,0,0.0,0.0,0.0,0.0
1.05,-3.0,,,0.7,True,0,0.0,0.0,0.0,0.0
1.05,-3.0,,0.2,,False,0,0.0,0.0,0.0,0.0
1.05,-3.0,,0.2,,True,0,0.0,0.0,0.0,0.0
1.05,-3.0,,0.2,0.5,False,0,0.0,0.0,0.0,0.0
1.05,-3.0,,0.2,0.5,True,0,0.0,0.0,0.0,0.0
1.05,-3.0,,0.2,0.6,False,0,0.0,0.0,0.0,0.0
1.05,-3.0,,0.2,0.6,True,0,0.0,0.0,0.0,0.0
1.05,-3.0,,0.2,0.7,False,0,0.0,0.0,0.0,0.0
1.05,-3.0,,0.2,0.7,True,0,0.0,0.0,0.0,0.0
1.05,-3.0,,0.3,,False,0,0.0,0.0,0.0,0.0
1.05,-3.0,,0.3,,True,0,0.0,0.0,0.0,0.0
1.05,-3.0,,0.3,0.5,False,0,0.0,0.0,0.0,0.0
1.05,-3.0,,0.3,0.5,True,0,0.0,0.0,0.0,0.0
1.05,-3.0,,0.3,0.6,False,0,0.0,0.0,0.0,0.0
1.05,-3.0,,0.3,0.6,True,0,0.0,0.0,0.0,0.0
1.05,-3.0,,0.3,0.7,False,0,0.0,0.0,0.0,0.0
1.05,-3.0,,0.3,0.7,True,0,0.0,0.0,0.0,0.0
1.05,-3.0,,0.4,,False,0,0.0,0.0,0.0,0.0
1.05,-3.0,,0.4,,True,0,0.0,0.0,0.0,0.0
1.05,-3.0,,0.4,0.5,False,0,0.0,0.0,0.0,0.0
1.05,-3.0,,0.4,0.5,True,0,0.0,0.0,0.0,0.0
1.05,-3.0,,0.4,0.6,False,0,0.0,0.0,0.0,0.0
1.05,-3.0,,0.4,0.6,True,0,0.0,0.0,0.0,0.0
1.05,-3.0,,0.4,0.7,False,0,0.0,0.0,0.0,0.0
1.05,-3.0,,0.4,0.7,True,0,0.0,0.0,0.0,0.0
1.05,-2.5,,,,False,0,0.0,0.0,0.0,0.0
1.05,-2.5,,,,True,0,0.0,0.0,0.0,0.0
1.05,-2.5,,,0.5,False,0,0.0,0.0,0.0,0.0
1.05,-2.5,,,0.5,True,0,0.0,0.0,0.0,0.0
1.05,-2.5,,,0.6,False,0,0.0,0.0,0.0,0.0
1.05,-2.5,,,0.6,True,0,0.0,0.0,0.0,0.0
1.05,-2.5,,,0.7,False,0,0.0,0.0,0.0,0.0
1.05,-2.5,,,0.7,True,0,0.0,0.0,0.0,0.0
1.05,-2.5,,0.2,,False,0,0.0,0.0,0.0,0.0
1.05,-2.5,,0.2,,True,0,0.0,0.0,0.0,0.0
1.05,-2.5,,0.2,0.5,False,0,0.0,0.0,0.0,0.0
1.05,-2.5,,0.2,0.5,True,0,0.0,0.0,0.0,0.0
1.05,-2.5,,0.2,0.6,False,0,0.0,0.0,0.0,0.0
1.05,-2.5,,0.2,0.6,True,0,0.0,0.0,0.0,0.0
1.05,-2.5,,0.2,0.7,False,0,0.0,0.0,0.0,0.0
1.05,-2.5,,0.2,0.7,True,0,0.0,0.0,0.0,0.0
1.05,-2.5,,0.3,,False,0,0.0,0.0,0.0,0.0
1.05,-2.5,,0.3,,True,0,0.0,0.0,0.0,0.0
1.05,-2.5,,0.3,0.5,False,0,0.0,0.0,0.0,0.0
1.05,-2.5,,0.3,0.5,True,0,0.0,0.0,0.0,0.0
1.05,-2.5,,0.3,0.6,False,0,0.0,0.0,0.0,0.0
1.05,-2.5,,0.3,0.6,True,0,0.0,0.0,0.0,0.0
1.05,-2.5,,0.3,0.7,False,0,0.0,0.0,0.0,0.0
1.05,-2.5,,0.3,0.7,True,0,0.0,0.0,0.0,0.0
1.05,-2.5,,0.4,,False,0,0.0,0.0,0.0,0.0
1.05,-2.5,,0.4,,True,0,0.0,0.0,0.0,0.0
1.05,-2.5,,0.4,0.5,False,0,0.0,0.0,0.0,0.0
1.05,-2.5,,0.4,0.5,True,0,0.0,0.0,0.0,0.0
1.05,-2.5,,0.4,0.6,False,0,0.0,0.0,0.0,0.0
1.05,-2.5,,0.4,0.6,True,0,0.0,0.0,0.0,0.0
1.05,-2.5,,0.4,0.7,False,0,0.0,0.0,0.0,0.0
1.05,-2.5,,0.4,0.7,True,0,0.0,0.0,0.0,0.0
1.05,-2.0,,,,False,0,0.0,0.0,0.0,0.0
1.05,-2.0,,,,True,0,0.0,0.0,0.0,0.0
1.05,-2.0,,,0.5,False,0,0.0,0.0,0.0,0.0
1.05,-2.0,,,0.5,True,0,0.0,0.0,0.0,0.0
1.05,-2.0,,,0.6,False,0,0.0,0.0,0.0,0.0
1.05,-2.0,,,0.6,True,0,0.0,0.0,0.0,0.0
1.05,-2.0,,,0.7,False,0,0.0,0.0,0.0,0.0
1.05,-2.0,,,0.7,True,0,0.0,0.0,0.0,0.0
1.05,-2.0,,0.2,,False,0,0.0,0.0,0.0,0.0
1.05,-2.0,,0.2,,True,0,0.0,0.0,0.0,0.0
1.05,-2.0,,0.2,0.5,False,0,0.0,0.0,0.0,0.0
1.05,-2.0,,0.2,0.5,True,0,0.0,0.0,0.0,0.0
1.05,-2.0,,0.2,0.6,False,0,0.0,0.0,0.0,0.0
1.05,-2.0,,0.2,0.6,True,0,0.0,0.0,0.0,0.0
1.05,-2.0,,0.2,0.7,False,0,0.0,0.0,0.0,0.0
1.05,-2.0,,0.2,0.7,True,0,0.0,0.0,0.0,0.0
1.05,-2.0,,0.3,,False,0,0.0,0.0,0.0,0.0
1.05,-2.0,,0.3,,True,0,0.0,0.0,0.0,0.0
1.05,-2.0,,0.3,0.5,False,0,0.0,0.0,0.0,0.0
1.05,-2.0,,0.3,0.5,True,0,0.0,0.0,0.0,0.0
1.05,-2.0,,0.3,0.6,False,0,0.0,0.0,0.0,0.0
1.05,-2.0,,0.3,0.6,True,0,0.0,0.0,0.0,0.0
1.05,-2.0,,0.3,0.7,False,0,0.0,0.0,0.0,0.0
1.05,-2.0,,0.3,0.7,True,0,0.0,0.0,0.0,0.0
1.05,-2.0,,0.4,,False,0,0.0,0.0,0.0,0.0
1.05,-2.0,,0.4,,True,0,0.0,0.0,0.0,0.0
1.05,-2.0,,0.4,0.5,False,0,0.0,0.0,0.0,0.0
1.05,-2.0,,0.4,0.5,True,0,0.0,0.0,0.0,0.0
1.05,-2.0,,0.4,0.6,False,0,0.0,0.0,0.0,0.0
1.05,-2.0,,0.4,0.6,True,0,0.0,0.0,0.0,0.0
1.05,-2.0,,0.4,0.7,False,0,0.0,0.0,0.0,0.0
1.05,-2.0,,0.4,0.7,True,0,0.0,0.0,0.0,0.0
1.05,-1.5,,,,False,0,0.0,0.0,0.0,0.0
1.05,-1.5,,,,True,0,0.0,0.0,0.0,0.0
1.05,-1.5,,,0.5,False,0,0.0,0.0,0.0,0.0
1.05,-1.5,,,0.5,True,0,0.0,0.0,0.0,0.0
1.05,-1.5,,,0.6,False,0,0.0,0.0,0.0,0.0
1.05,-1.5,,,0.6,True,0,0.0,0.0,0.0,0.0
1.05,-1.5,,,0.7,False,0,0.0,0.0,0.0,0.0
1.05,-1.5,,,0.7,True,0,0.0,0.0,0.0,0.0
1.05,-1.5,,0.2,,False,0,0.0,0.0,0.0,0.0
1.05,-1.5,,0.2,,True,0,0.0,0.0,0.0,0.0
1.05,-1.5,,0.2,0.5,False,0,0.0,0.0,0.0,0.0
1.05,-1.5,,0.2,0.5,True,0,0.0,0.0,0.0,0.0
1.05,-1.5,,0.2,0.6,False,0,0.0,0.0,0.0,0.0
1.05,-1.5,,0.2,0.6,True,0,0.0,0.0,0.0,0.0
1.05,-1.5,,0.2,0.7,False,0,0.0,0.0,0.0,0.0
1.05,-1.5,,0.2,0.7,True,0,0.0,0.0,0.0,0.0
1.05,-1.5,,0.3,,False,0,0.0,0.0,0.0,0.0
1.05,-1.5,,0.3,,True,0,0.0,0.0,0.0,0.0
1.05,-1.5,,0.3,0.5,False,0,0.0,0.0,0.0,0.0
1.05,-1.5,,0.3,0.5,True,0,0.0,0.0,0.0,0.0
1.05,-1.5,,0.3,0.6,False,0,0.0,0.0,0.0,0.0
1.05,-1.5,,0.3,0.6,True,0,0.0,0.0,0.0,0.0
1.05,-1.5,,0.3,0.7,False,0,0.0,0.0,0.0,0.0
1.05,-1.5,,0.3,0.7,True,0,0.0,0.0,0.0,0.0
1.05,-1.5,,0.4,,False,0,0.0,0.0,0.0,0.0
1.05,-1.5,,0.4,,True,0,0.0,0.0,0.0,0.0
1.05,-1.5,,0.4,0.5,False,0,0.0,0.0,0.0,0.0
1.05,-1.5,,0.4,0.5,True,0,0.0,0.0,0.0,0.0
1.05,-1.5,,0.4,0.6,False,0,0.0,0.0,0.0,0.0
1.05,-1.5,,0.4,0.6,True,0,0.0,0.0,0.0,0.0
1.05,-1.5,,0.4,0.7,False,0,0.0,0.0,0.0,0.0
1.05,-1.5,,0.4,0.7,True,0,0.0,0.0,0.0,0.0
1.05,-1.0,,,,False,0,0.0,0.0,0.0,0.0
1.05,-1.0,,,,True,0,0.0,0.0,0.0,0.0
1.05,-1.0,,,0.5,False,0,0.0,0.0,0.0,0.0
1.05,-1.0,,,0.5,True,0,0.0,0.0,0.0,0.0
1.05,-1.0,,,0.6,False,0,0.0,0.0,0.0,0.0
1.05,-1.0,,,0.6,True,0,0.0,0.0,0.0,0.0
1.05,-1.0,,,0.7,False,0,0.0,0.0,0.0,0.0
1.05,-1.0,,,0.7,True,0,0.0,0.0,0.0,0.0
1.05,-1.0,,0.2,,False,0,0.0,0.0,0.0,0.0
1.05,-1.0,,0.2,,True,0,0.0,0.0,0.0,0.0
1.05,-1.0,,0.2,0.5,False,0,0.0,0.0,0.0,0.0
1.05,-1.0,,0.2,0.5,True,0,0.0,0.0,0.0,0.0
1.05,-1.0,,0.2,0.6,False,0,0.0,0.0,0.0,0.0
1.05,-1.0,,0.2,0.6,True,0,0.0,0.0,0.0,0.0
1.05,-1.0,,0.2,0.7,False,0,0.0,0.0,0.0,0.0
1.05,-1.0,,0.2,0.7,True,0,0.0,0.0,0.0,0.0
1.05,-1.0,,0.3,,False,0,0.0,0.0,0.0,0.0
1.05,-1.0,,0.3,,True,0,0.0,0.0,0.0,0.0
1.05,-1.0,,0.3,0.5,False,0,0.0,0.0,0.0,0.0
1.05,-1.0,,0.3,0.5,True,0,0.0,0.0,0.0,0.0
1.05,-1.0,,0.3,0.6,False,0,0.0,0.0,0.0,0.0
1.05,-1.0,,0.3,0.6,True,0,0.0,0.0,0.0,0.0
1.05,-1.0,,0.3,0.7,False,0,0.0,0.0,0.0,0.0
1.05,-1.0,,0.3,0.7,True,0,0.0,0.0,0.0,0.0
1.05,-1.0,,0.4,,False,0,0.0,0.0,0.0,0.0
1.05,-1.0,,0.4,,True,0,0.0,0.0,0.0,0.0
1.05,-1.0,,0.4,0.5,False,0,0.0,0.0,0.0,0.0
1.05,-1.0,,0.4,0.5,True,0,0.0,0.0,0.0,0.0
1.05,-1.0,,0.4,0.6,False,0,0.0,0.0,0.0,0.0
1.05,-1.0,,0.4,0.6,True,0,0.0,0.0,0.0,0.0
1.05,-1.0,,0.4,0.7,False,0,0.0,0.0,0.0,0.0
1.05,-1.0,,0.4,0.7,True,0,0.0,0.0,0.0,0.0
